Model,Accuracy,Precision,Recall,F1,AUC
Decision Tree,88.9389594428513,72.58064516129032,47.12041884816754,57.14285714285714,91.30385308783555
