Model,Accuracy,Precision,Recall,F1,AUC
KNN (K=127),88.9389594428513,69.8581560283688,51.57068062827225,59.337349397590366,88.86906926302352
