Model,Accuracy,Precision,Recall,F1,AUC
Logistic Regression,87.05448586644818,56.37065637065637,76.43979057591623,64.88888888888889,90.41317774856397
