Model,Accuracy,Precision,Recall,F1,AUC
Random Forest,90.61859893486276,75.24752475247524,59.68586387434554,66.56934306569343,92.47709583008069
